task,group,n_models,macro_pass_rate,min_pass_rate,max_pass_rate,models
sentiment,AR family,5,0.8449363573246934,0.7930455912983105,0.9079032631335339,"Llama-3.1, Mistral-7B, Qwen2.5-7B, Gemma-2-9B, OLMo-2-7B"
sentiment,LLaDA family,2,0.8607382550335569,0.8136773894931728,0.9077991205739412,"LLaDA-8B, LLaDA-MoE"
sentiment,Masked-DLM incl. Dream,3,0.8641556738409318,0.8136773894931728,0.9077991205739412,"LLaDA-8B, LLaDA-MoE, Dream-7B"
qqp,AR family,5,0.6219912680334092,0.5785402429764617,0.6627752467729688,"Llama-3.1, Mistral-7B, Qwen2.5-7B, Gemma-2-9B, OLMo-2-7B"
qqp,LLaDA family,2,0.8040527714502658,0.7749936724879778,0.8331118704125537,"LLaDA-8B, LLaDA-MoE"
qqp,Masked-DLM incl. Dream,3,0.8138656880114739,0.7749936724879778,0.8334915211338901,"LLaDA-8B, LLaDA-MoE, Dream-7B"
squad,AR family,5,0.6725114566899557,0.5246788370520622,0.7382615881601683,"Llama-3.1, Mistral-7B, Qwen2.5-7B, Gemma-2-9B, OLMo-2-7B"
squad,LLaDA family,2,0.7827736458568102,0.7407407407407407,0.8248065509728796,"LLaDA-8B, LLaDA-MoE"
squad,Masked-DLM incl. Dream,3,0.7968847820098666,0.7407407407407407,0.8251070543159793,"LLaDA-8B, LLaDA-MoE, Dream-7B"
