task,model_key,model,family,subgroup,source_model,summary_path,total_cases,total_fails,pass_rate,judge_fallback_rate
sentiment,llada_instruct,LLaDA-8B,DLLM,llada,GSAI-ML/LLaDA-8B-Instruct,raw_outputs_excluded/checklist/sentiment/llada_rerun_fixed/checklist_summary.json,86420,7968,0.9077991205739412,0.0
sentiment,llada_moe,LLaDA-MoE,DLLM,llada,inclusionAI/LLaDA-MoE-7B-A1B-Instruct,raw_outputs_excluded/expansion/checklist/sentiment/llada_moe/checklist_summary.json,86420,16102,0.8136773894931728,0.0
sentiment,dream,Dream-7B,DLLM,masked_diffusion,Dream-org/Dream-v0-Instruct-7B,raw_outputs_excluded/expansion/checklist/sentiment/dream_rerun/checklist_summary.json,86420,11149,0.8709905114556815,0.0
sentiment,llama_instruct,Llama-3.1,AR,ar,meta-llama/Llama-3.1-8B-Instruct,raw_outputs_excluded/checklist/sentiment/llama_rerun_fixed/checklist_summary.json,86420,17885,0.7930455912983105,0.0
sentiment,mistral,Mistral-7B,AR,ar,mistralai/Mistral-7B-Instruct-v0.3,raw_outputs_excluded/expansion/checklist/sentiment/mistral/checklist_summary.json,86420,15359,0.8222749363573247,0.0
sentiment,qwen,Qwen2.5-7B,AR,ar,Qwen/Qwen2.5-7B-Instruct,raw_outputs_excluded/expansion/checklist/sentiment/qwen/checklist_summary.json,86420,15218,0.8239065031242768,0.0
sentiment,gemma,Gemma-2-9B,AR,ar,google/gemma-2-9b-it,raw_outputs_excluded/expansion/checklist/sentiment/gemma/checklist_summary.json,86420,7959,0.9079032631335339,0.0
sentiment,olmo,OLMo-2-7B,AR,ar,allenai/OLMo-2-1124-7B-Instruct,raw_outputs_excluded/expansion/checklist/sentiment/olmo/checklist_summary.json,86420,10582,0.8775514927100209,0.0
qqp,llada_instruct,LLaDA-8B,DLLM,llada,GSAI-ML/LLaDA-8B-Instruct,raw_outputs_excluded/checklist/qqp/llada_rerun_fixed/checklist_summary.json,63216,10550,0.8331118704125537,0.0
qqp,llada_moe,LLaDA-MoE,DLLM,llada,inclusionAI/LLaDA-MoE-7B-A1B-Instruct,raw_outputs_excluded/expansion/checklist/qqp/llada_moe/checklist_summary.json,63216,14224,0.7749936724879778,0.0
qqp,dream,Dream-7B,DLLM,masked_diffusion,Dream-org/Dream-v0-Instruct-7B,raw_outputs_excluded/expansion/checklist/qqp/dream_rerun/checklist_summary.json,63216,10526,0.8334915211338901,0.0
qqp,llama_instruct,Llama-3.1,AR,ar,meta-llama/Llama-3.1-8B-Instruct,raw_outputs_excluded/checklist/qqp/llama_rerun_fixed/checklist_summary.json,63216,25020,0.6042141230068336,0.00047274253380350314
qqp,mistral,Mistral-7B,AR,ar,mistralai/Mistral-7B-Instruct-v0.3,raw_outputs_excluded/expansion/checklist/qqp/mistral/checklist_summary.json,63216,24972,0.6049734244495064,0.08437007057370684
qqp,qwen,Qwen2.5-7B,AR,ar,Qwen/Qwen2.5-7B-Instruct,raw_outputs_excluded/expansion/checklist/qqp/qwen/checklist_summary.json,63216,21528,0.6594533029612757,0.0
qqp,gemma,Gemma-2-9B,AR,ar,google/gemma-2-9b-it,raw_outputs_excluded/expansion/checklist/qqp/gemma/checklist_summary.json,63216,26643,0.5785402429764617,0.0
qqp,olmo,OLMo-2-7B,AR,ar,allenai/OLMo-2-1124-7B-Instruct,raw_outputs_excluded/expansion/checklist/qqp/olmo/checklist_summary.json,63216,21318,0.6627752467729688,0.0
squad,llada_instruct,LLaDA-8B,DLLM,llada,GSAI-ML/LLaDA-8B-Instruct,raw_outputs_excluded/checklist/squad/llada_rerun_fixed/checklist_summary.json,13311,3451,0.7407407407407407,0.0
squad,llada_moe,LLaDA-MoE,DLLM,llada,inclusionAI/LLaDA-MoE-7B-A1B-Instruct,raw_outputs_excluded/expansion/checklist/squad/llada_moe/checklist_summary.json,13311,2332,0.8248065509728796,0.0
squad,dream,Dream-7B,DLLM,masked_diffusion,Dream-org/Dream-v0-Instruct-7B,raw_outputs_excluded/expansion/checklist/squad/dream_rerun/checklist_summary.json,13311,2328,0.8251070543159793,0.0
squad,llama_instruct,Llama-3.1,AR,ar,meta-llama/Llama-3.1-8B-Instruct,raw_outputs_excluded/checklist/squad/llama_rerun_fixed/checklist_summary.json,13311,6327,0.5246788370520622,0.0
squad,mistral,Mistral-7B,AR,ar,mistralai/Mistral-7B-Instruct-v0.3,raw_outputs_excluded/expansion/checklist/squad/mistral/checklist_summary.json,13311,3740,0.7190293742017879,0.0
squad,qwen,Qwen2.5-7B,AR,ar,Qwen/Qwen2.5-7B-Instruct,raw_outputs_excluded/expansion/checklist/squad/qwen/checklist_summary.json,13311,3484,0.7382615881601683,0.0
squad,gemma,Gemma-2-9B,AR,ar,google/gemma-2-9b-it,raw_outputs_excluded/expansion/checklist/squad/gemma/checklist_summary.json,13311,4190,0.6852227481030726,0.0
squad,olmo,OLMo-2-7B,AR,ar,allenai/OLMo-2-1124-7B-Instruct,raw_outputs_excluded/expansion/checklist/squad/olmo/checklist_summary.json,13311,4055,0.6953647359326873,0.0
mnli,llada_instruct,LLaDA-8B,DLLM,llada,GSAI-ML/LLaDA-8B-Instruct,raw_outputs_excluded/expansion/checklist/mnli/llada_instruct/checklist_summary.json,900,161,0.8211111111111111,0.006666666666666667
mnli,llada_moe,LLaDA-MoE,DLLM,llada,inclusionAI/LLaDA-MoE-7B-A1B-Instruct,raw_outputs_excluded/expansion/checklist/mnli/llada_moe/checklist_summary.json,900,183,0.7966666666666666,0.0008333333333333334
mnli,dream,Dream-7B,DLLM,masked_diffusion,Dream-org/Dream-v0-Instruct-7B,raw_outputs_excluded/expansion/checklist/mnli/dream_rerun/checklist_summary.json,900,125,0.8611111111111112,0.0
mnli,llama_instruct,Llama-3.1,AR,ar,meta-llama/Llama-3.1-8B-Instruct,raw_outputs_excluded/expansion/checklist/mnli/llama_instruct/checklist_summary.json,900,256,0.7155555555555555,0.0
mnli,mistral,Mistral-7B,AR,ar,mistralai/Mistral-7B-Instruct-v0.3,raw_outputs_excluded/expansion/checklist/mnli/mistral/checklist_summary.json,900,188,0.7911111111111111,0.0
mnli,qwen,Qwen2.5-7B,AR,ar,Qwen/Qwen2.5-7B-Instruct,raw_outputs_excluded/expansion/checklist/mnli/qwen/checklist_summary.json,900,106,0.8822222222222222,0.0
mnli,gemma,Gemma-2-9B,AR,ar,google/gemma-2-9b-it,raw_outputs_excluded/expansion/checklist/mnli/gemma/checklist_summary.json,900,177,0.8033333333333333,0.0
mnli,olmo,OLMo-2-7B,AR,ar,allenai/OLMo-2-1124-7B-Instruct,raw_outputs_excluded/expansion/checklist/mnli/olmo/checklist_summary.json,900,112,0.8755555555555555,0.0
paws,llada_instruct,LLaDA-8B,DLLM,llada,GSAI-ML/LLaDA-8B-Instruct,raw_outputs_excluded/expansion/checklist/paws/llada_instruct/checklist_summary.json,800,170,0.7875,0.0
paws,llada_moe,LLaDA-MoE,DLLM,llada,inclusionAI/LLaDA-MoE-7B-A1B-Instruct,raw_outputs_excluded/expansion/checklist/paws/llada_moe/checklist_summary.json,800,176,0.78,0.0
paws,dream,Dream-7B,DLLM,masked_diffusion,Dream-org/Dream-v0-Instruct-7B,raw_outputs_excluded/expansion/checklist/paws/dream_rerun/checklist_summary.json,800,129,0.83875,0.0
paws,llama_instruct,Llama-3.1,AR,ar,meta-llama/Llama-3.1-8B-Instruct,raw_outputs_excluded/expansion/checklist/paws/llama_instruct/checklist_summary.json,800,233,0.70875,0.0
paws,mistral,Mistral-7B,AR,ar,mistralai/Mistral-7B-Instruct-v0.3,raw_outputs_excluded/expansion/checklist/paws/mistral/checklist_summary.json,800,208,0.74,0.0
paws,qwen,Qwen2.5-7B,AR,ar,Qwen/Qwen2.5-7B-Instruct,raw_outputs_excluded/expansion/checklist/paws/qwen/checklist_summary.json,800,250,0.6875,0.0
paws,gemma,Gemma-2-9B,AR,ar,google/gemma-2-9b-it,raw_outputs_excluded/expansion/checklist/paws/gemma/checklist_summary.json,800,265,0.66875,0.0
paws,olmo,OLMo-2-7B,AR,ar,allenai/OLMo-2-1124-7B-Instruct,raw_outputs_excluded/expansion/checklist/paws/olmo/checklist_summary.json,800,264,0.6699999999999999,0.0
anli,llada_instruct,LLaDA-8B,DLLM,llada,GSAI-ML/LLaDA-8B-Instruct,raw_outputs_excluded/expansion/checklist/anli/llada_instruct/checklist_summary.json,900,335,0.6277777777777778,0.03666666666666667
anli,llada_moe,LLaDA-MoE,DLLM,llada,inclusionAI/LLaDA-MoE-7B-A1B-Instruct,raw_outputs_excluded/expansion/checklist/anli/llada_moe/checklist_summary.json,900,358,0.6022222222222222,0.0016666666666666668
anli,dream,Dream-7B,DLLM,masked_diffusion,Dream-org/Dream-v0-Instruct-7B,raw_outputs_excluded/expansion/checklist/anli/dream_rerun/checklist_summary.json,900,338,0.6244444444444445,0.0
anli,llama_instruct,Llama-3.1,AR,ar,meta-llama/Llama-3.1-8B-Instruct,raw_outputs_excluded/expansion/checklist/anli/llama_instruct/checklist_summary.json,900,351,0.61,0.0
anli,mistral,Mistral-7B,AR,ar,mistralai/Mistral-7B-Instruct-v0.3,raw_outputs_excluded/expansion/checklist/anli/mistral/checklist_summary.json,900,337,0.6255555555555555,0.0008333333333333334
anli,qwen,Qwen2.5-7B,AR,ar,Qwen/Qwen2.5-7B-Instruct,raw_outputs_excluded/expansion/checklist/anli/qwen/checklist_summary.json,900,302,0.6644444444444444,0.0
anli,gemma,Gemma-2-9B,AR,ar,google/gemma-2-9b-it,raw_outputs_excluded/expansion/checklist/anli/gemma/checklist_summary.json,900,320,0.6444444444444444,0.0
anli,olmo,OLMo-2-7B,AR,ar,allenai/OLMo-2-1124-7B-Instruct,raw_outputs_excluded/expansion/checklist/anli/olmo/checklist_summary.json,900,343,0.6188888888888888,0.0
wildguard,llada_instruct,LLaDA-8B,DLLM,llada,GSAI-ML/LLaDA-8B-Instruct,raw_outputs_excluded/expansion/checklist/wildguard/llada_instruct/checklist_summary.json,600,198,0.6699999999999999,1.0
wildguard,llada_moe,LLaDA-MoE,DLLM,llada,inclusionAI/LLaDA-MoE-7B-A1B-Instruct,raw_outputs_excluded/expansion/checklist/wildguard/llada_moe/checklist_summary.json,600,153,0.745,1.0
wildguard,dream,Dream-7B,DLLM,masked_diffusion,Dream-org/Dream-v0-Instruct-7B,raw_outputs_excluded/expansion/checklist/wildguard/dream_rerun/checklist_summary.json,600,207,0.655,1.0
wildguard,llama_instruct,Llama-3.1,AR,ar,meta-llama/Llama-3.1-8B-Instruct,raw_outputs_excluded/expansion/checklist/wildguard/llama_instruct/checklist_summary.json,600,211,0.6483333333333333,1.0
wildguard,mistral,Mistral-7B,AR,ar,mistralai/Mistral-7B-Instruct-v0.3,raw_outputs_excluded/expansion/checklist/wildguard/mistral/checklist_summary.json,600,286,0.5233333333333333,1.0
wildguard,qwen,Qwen2.5-7B,AR,ar,Qwen/Qwen2.5-7B-Instruct,raw_outputs_excluded/expansion/checklist/wildguard/qwen/checklist_summary.json,600,275,0.5416666666666667,1.0
wildguard,gemma,Gemma-2-9B,AR,ar,google/gemma-2-9b-it,raw_outputs_excluded/expansion/checklist/wildguard/gemma/checklist_summary.json,600,238,0.6033333333333333,1.0
wildguard,olmo,OLMo-2-7B,AR,ar,allenai/OLMo-2-1124-7B-Instruct,raw_outputs_excluded/expansion/checklist/wildguard/olmo/checklist_summary.json,600,179,0.7016666666666667,1.0
xstest,llada_instruct,LLaDA-8B,DLLM,llada,GSAI-ML/LLaDA-8B-Instruct,raw_outputs_excluded/expansion/checklist/xstest/llada_instruct/checklist_summary.json,500,156,0.688,0.0
xstest,llada_moe,LLaDA-MoE,DLLM,llada,inclusionAI/LLaDA-MoE-7B-A1B-Instruct,raw_outputs_excluded/expansion/checklist/xstest/llada_moe/checklist_summary.json,500,156,0.688,0.0
xstest,dream,Dream-7B,DLLM,masked_diffusion,Dream-org/Dream-v0-Instruct-7B,raw_outputs_excluded/expansion/checklist/xstest/dream_rerun/checklist_summary.json,500,70,0.86,0.0
xstest,llama_instruct,Llama-3.1,AR,ar,meta-llama/Llama-3.1-8B-Instruct,raw_outputs_excluded/expansion/checklist/xstest/llama_instruct/checklist_summary.json,500,160,0.6799999999999999,0.0
xstest,mistral,Mistral-7B,AR,ar,mistralai/Mistral-7B-Instruct-v0.3,raw_outputs_excluded/expansion/checklist/xstest/mistral/checklist_summary.json,500,153,0.694,0.0
xstest,qwen,Qwen2.5-7B,AR,ar,Qwen/Qwen2.5-7B-Instruct,raw_outputs_excluded/expansion/checklist/xstest/qwen/checklist_summary.json,500,153,0.694,0.0
xstest,gemma,Gemma-2-9B,AR,ar,google/gemma-2-9b-it,raw_outputs_excluded/expansion/checklist/xstest/gemma/checklist_summary.json,500,215,0.5700000000000001,0.0
xstest,olmo,OLMo-2-7B,AR,ar,allenai/OLMo-2-1124-7B-Instruct,raw_outputs_excluded/expansion/checklist/xstest/olmo/checklist_summary.json,500,165,0.6699999999999999,0.0
