task,dlm,ar,alpha,gamma,gap_g_minus_a,ratio_g_over_a,delta_perp_dlm,delta_perp_ar,delta_perp_gap,n_subtests,dlm_wins,ties,win_rate
qqp,llada_instruct,llama_instruct,1.8068,2.0174,0.2106,1.1165,0.2696,0.1707,0.0989,50,22,5,0.4400
qqp,llada_instruct,mistral,1.8068,2.4112,0.6044,1.3345,0.2696,0.2055,0.0641,50,34,1,0.6800
qqp,llada_instruct,qwen,1.8068,0.8081,-0.9987,0.4473,0.2696,0.0472,0.2224,50,5,13,0.1000
qqp,llada_instruct,gemma,1.8068,0.7113,-1.0954,0.3937,0.2696,0.1234,0.1462,50,17,10,0.3400
qqp,llada_instruct,olmo,1.8068,2.0705,0.2637,1.1459,0.2696,0.1321,0.1375,50,9,11,0.1800
qqp,llada_moe,llama_instruct,1.9225,2.0174,0.0949,1.0494,0.2953,0.1707,0.1246,50,20,3,0.4000
qqp,llada_moe,mistral,1.9225,2.4112,0.4887,1.2542,0.2953,0.2055,0.0898,50,24,1,0.4800
qqp,llada_moe,qwen,1.9225,0.8081,-1.1144,0.4203,0.2953,0.0472,0.2481,50,6,7,0.1200
qqp,llada_moe,gemma,1.9225,0.7113,-1.2111,0.3700,0.2953,0.1234,0.1719,50,9,7,0.1800
qqp,llada_moe,olmo,1.9225,2.0705,0.1480,1.0770,0.2953,0.1321,0.1632,50,6,5,0.1200
qqp,dream,llama_instruct,1.5399,2.0174,0.4775,1.3101,0.2626,0.1707,0.0919,50,27,4,0.5400
qqp,dream,mistral,1.5399,2.4112,0.8713,1.5658,0.2626,0.2055,0.0571,50,34,1,0.6800
qqp,dream,qwen,1.5399,0.8081,-0.7318,0.5248,0.2626,0.0472,0.2154,50,6,11,0.1200
qqp,dream,gemma,1.5399,0.7113,-0.8286,0.4619,0.2626,0.1234,0.1392,50,17,12,0.3400
qqp,dream,olmo,1.5399,2.0705,0.5306,1.3445,0.2626,0.1321,0.1305,50,11,10,0.2200
sentiment,llada_instruct,llama_instruct,1.6141,1.6910,0.0769,1.0476,0.1133,0.1097,0.0036,18,7,1,0.3889
sentiment,llada_instruct,mistral,1.6141,1.8105,0.1964,1.1217,0.1133,0.1227,-0.0094,18,8,1,0.4444
sentiment,llada_instruct,qwen,1.6141,1.6303,0.0162,1.0100,0.1133,0.1129,0.0004,18,10,1,0.5556
sentiment,llada_instruct,gemma,1.6141,2.0449,0.4308,1.2669,0.1133,0.1624,-0.0491,18,8,1,0.4444
sentiment,llada_instruct,olmo,1.6141,1.6291,0.0150,1.0093,0.1133,0.1042,0.0091,18,7,1,0.3889
sentiment,llada_moe,llama_instruct,1.8072,1.6910,-0.1162,0.9357,0.1498,0.1097,0.0401,18,7,0,0.3889
sentiment,llada_moe,mistral,1.8072,1.8105,0.0033,1.0018,0.1498,0.1227,0.0271,18,6,0,0.3333
sentiment,llada_moe,qwen,1.8072,1.6303,-0.1769,0.9021,0.1498,0.1129,0.0368,18,6,0,0.3333
sentiment,llada_moe,gemma,1.8072,2.0449,0.2377,1.1315,0.1498,0.1624,-0.0126,18,2,0,0.1111
sentiment,llada_moe,olmo,1.8072,1.6291,-0.1782,0.9014,0.1498,0.1042,0.0456,18,5,0,0.2778
sentiment,dream,llama_instruct,1.9480,1.6910,-0.2570,0.8681,0.1376,0.1097,0.0278,18,6,1,0.3333
sentiment,dream,mistral,1.9480,1.8105,-0.1374,0.9295,0.1376,0.1227,0.0149,18,10,1,0.5556
sentiment,dream,qwen,1.9480,1.6303,-0.3177,0.8369,0.1376,0.1129,0.0246,18,9,1,0.5000
sentiment,dream,gemma,1.9480,2.0449,0.0969,1.0498,0.1376,0.1624,-0.0248,18,7,1,0.3889
sentiment,dream,olmo,1.9480,1.6291,-0.3189,0.8363,0.1376,0.1042,0.0333,18,6,1,0.3333
squad,llada_instruct,llama_instruct,5.2460,5.4123,0.1663,1.0317,0.4582,0.4721,-0.0139,20,6,1,0.3000
squad,llada_instruct,mistral,5.2460,5.6255,0.3795,1.0723,0.4582,0.4853,-0.0271,20,8,1,0.4000
squad,llada_instruct,qwen,5.2460,5.0321,-0.2139,0.9592,0.4582,0.4401,0.0181,20,5,0,0.2500
squad,llada_instruct,gemma,5.2460,5.3921,0.1461,1.0278,0.4582,0.4673,-0.0091,20,9,0,0.4500
squad,llada_instruct,olmo,5.2460,4.9037,-0.3423,0.9348,0.4582,0.4363,0.0218,20,6,0,0.3000
squad,llada_moe,llama_instruct,5.2568,5.4123,0.1556,1.0296,0.4597,0.4721,-0.0123,20,6,0,0.3000
squad,llada_moe,mistral,5.2568,5.6255,0.3687,1.0701,0.4597,0.4853,-0.0256,20,12,0,0.6000
squad,llada_moe,qwen,5.2568,5.0321,-0.2247,0.9573,0.4597,0.4401,0.0196,20,1,1,0.0500
squad,llada_moe,gemma,5.2568,5.3921,0.1353,1.0257,0.4597,0.4673,-0.0076,20,11,0,0.5500
squad,llada_moe,olmo,5.2568,4.9037,-0.3531,0.9328,0.4597,0.4363,0.0234,20,3,1,0.1500
squad,dream,llama_instruct,5.2262,5.4123,0.1861,1.0356,0.4554,0.4721,-0.0166,20,9,0,0.4500
squad,dream,mistral,5.2262,5.6255,0.3992,1.0764,0.4554,0.4853,-0.0299,20,13,0,0.6500
squad,dream,qwen,5.2262,5.0321,-0.1941,0.9629,0.4554,0.4401,0.0153,20,6,0,0.3000
squad,dream,gemma,5.2262,5.3921,0.1658,1.0317,0.4554,0.4673,-0.0119,20,11,0,0.5500
squad,dream,olmo,5.2262,4.9037,-0.3225,0.9383,0.4554,0.4363,0.0191,20,8,0,0.4000
